Date,Asset_Value,Daily_Status,Intraday_Anomaly_Count
2021-09-02,30.251176834106445,Failure,4
2021-09-03,30.68364715576172,Success,7
2021-09-06,30.82419776916504,Success,9
2021-09-07,30.68364715576172,Failure,5
2021-09-08,30.413354873657227,Failure,4
2021-09-09,30.337669372558594,Success,2
2021-09-10,30.694459915161133,Success,1
2021-09-13,30.586341857910156,Failure,2
2021-09-14,30.6187801361084,Failure,1
2021-09-15,30.434978485107422,Failure,7
2021-09-16,30.294422149658203,Failure,5
2021-09-17,30.380922317504883,Success,2
2021-09-22,29.667346954345703,Success,15
2021-09-23,29.840333938598633,Failure,3
2021-09-24,30.19712257385254,Success,4
2021-09-27,30.272802352905273,Success,7
2021-09-28,30.05656623840332,Failure,11
2021-09-29,29.407865524291992,Failure,19
2021-09-30,29.63491439819336,Success,10
2021-10-01,28.96458625793457,Failure,17
2021-10-04,28.791595458984375,Failure,15
2021-10-05,28.74834632873535,Success,17
2021-10-06,28.7591609954834,Failure,14
2021-10-07,29.267314910888672,Success,8
2021-10-08,29.018640518188477,Failure,5
2021-10-12,28.726730346679688,Success,7
2021-10-13,28.629417419433594,Failure,3
2021-10-14,28.705101013183594,Failure,2
2021-10-15,29.46192169189453,Success,8
2021-10-18,29.375431060791016,Failure,3
2021-10-19,29.61328887939453,Success,5
2021-10-20,29.537609100341797,Failure,9
2021-10-21,29.429489135742188,Failure,8
2021-10-22,29.51598358154297,Success,3
2021-10-25,29.49435806274414,Success,4
2021-10-26,29.743030548095703,Success,6
2021-10-27,29.743030548095703,Success,4
2021-10-28,29.656532287597656,Failure,2
2021-10-29,29.3646183013916,Failure,3
2021-11-01,29.51598358154297,Success,1
2021-11-02,29.46192169189453,Failure,2
2021-11-03,29.537609100341797,Success,1
2021-11-04,29.440298080444336,Failure,1
2021-11-05,29.861957550048828,Success,7
2021-11-08,30.09981918334961,Success,4
2021-11-09,30.42416763305664,Success,8
2021-11-10,30.380922317504883,Failure,3
2021-11-11,30.11062240600586,Success,2
2021-11-12,30.207931518554688,Failure,3
2021-11-15,30.478221893310547,Success,4
2021-11-16,30.532285690307617,Success,3
2021-11-17,30.629589080810547,Success,13
2021-11-18,30.802574157714844,Success,3
2021-11-19,30.878259658813477,Failure,3
2021-11-22,30.802574157714844,Failure,2
2021-11-23,30.51066017150879,Failure,2
2021-11-24,30.380922317504883,Failure,2
2021-11-25,30.3701114654541,Failure,1
2021-11-26,29.87276840209961,Failure,7
2021-11-29,29.87276840209961,Success,7
2021-11-30,29.840333938598633,Failure,6
2021-12-01,30.337669372558594,Success,2
2021-12-02,30.662023544311523,Success,5
2021-12-03,30.651212692260742,Failure,3
2021-12-06,30.56471824645996,Success,2
2021-12-07,30.662023544311523,Success,1
2021-12-08,30.78095245361328,Failure,7
2021-12-09,30.70526885986328,Failure,3
2021-12-10,30.694459915161133,Success,2
2021-12-13,30.597148895263672,Failure,3
2021-12-14,30.294422149658203,Failure,3
2021-12-15,30.337669372558594,Success,6
2021-12-16,30.716087341308594,Success,3
2021-12-17,30.68364715576172,Success,3
2021-12-20,30.413354873657227,Failure,2
2021-12-21,30.67283821105957,Success,4
2021-12-22,30.67283821105957,Failure,2
2021-12-23,30.8458194732666,Failure,9
2021-12-24,30.93231964111328,Success,8
2021-12-27,31.170181274414062,Success,4
2021-12-28,31.418846130371094,Success,14
2021-12-29,31.55939292907715,Success,14
2021-12-30,31.46209144592285,Failure,4
2022-01-03,31.65670394897461,Success,4
2022-01-04,32.34865188598633,Success,6
2022-01-05,32.283775329589844,Failure,7
2022-01-06,31.981056213378906,Failure,5
2022-01-07,31.699954986572266,Failure,4
2022-01-10,31.905370712280273,Success,10
2022-01-11,32.06754684448242,Success,11
2022-01-12,32.33784103393555,Success,6
2022-01-13,32.50001907348633,Success,4
2022-01-14,32.50001907348633,Failure,6
2022-01-17,32.86761474609375,Success,4
2022-01-18,32.50001907348633,Failure,9
2022-01-19,32.11079788208008,Failure,9
2022-01-20,32.240535736083984,Success,10
2022-01-21,31.522354125976562,Failure,19
2022-01-24,31.820680618286133,Success,8
2022-01-25,31.301382064819336,Failure,15
2022-01-26,31.27928924560547,Success,11
2022-02-07,31.445022583007812,Failure,15
2022-02-08,31.577600479125977,Failure,7
2022-02-09,31.688091278076172,Failure,5
2022-02-10,32.052711486816406,Success,3
2022-02-11,32.030609130859375,Success,2
2022-02-14,31.53340721130371,Failure,7
2022-02-15,31.38977813720703,Failure,4
2022-02-16,31.909067153930664,Success,4
2022-02-17,31.931167602539062,Success,3
2022-02-18,31.8427734375,Success,2
2022-02-21,31.776487350463867,Success,2
2022-02-22,31.345577239990234,Failure,12
2022-02-23,31.43396759033203,Success,2
2022-02-24,30.671600341796875,Failure,19
2022-02-25,30.605302810668945,Failure,14
2022-03-01,31.036209106445312,Success,5
2022-03-02,30.85943031311035,Failure,4
2022-03-03,30.925722122192383,Failure,2
2022-03-04,30.594255447387695,Failure,8
2022-03-07,29.61090660095215,Failure,34
2022-03-08,28.981124877929688,Failure,27
2022-03-09,29.279449462890625,Success,13
2022-03-10,30.13020896911621,Success,9
2022-03-11,29.69930076599121,Failure,7
2022-03-14,29.69930076599121,Failure,5
2022-03-15,29.091609954833984,Failure,15
2022-03-16,29.213150024414062,Failure,12
2022-03-17,30.141252517700195,Success,9
2022-03-18,30.074960708618164,Failure,8
2022-03-21,30.273836135864258,Success,5
2022-03-22,30.229642868041992,Failure,3
2022-03-23,30.51691436767578,Success,6
2022-03-24,30.49481773376465,Success,2
2022-03-25,30.53900909423828,Failure,3
2022-03-28,30.207548141479492,Failure,6
2022-03-29,30.240694046020508,Failure,4
2022-03-30,30.616355895996094,Success,5
2022-03-31,30.51691436767578,Failure,2
2022-04-01,30.26279067993164,Success,5
2022-04-06,30.10810661315918,Success,7
2022-04-07,29.56671142578125,Failure,9
2022-04-08,29.73244285583496,Success,5
2022-04-11,29.268396377563477,Failure,11
2022-04-12,29.29049301147461,Success,9
2022-04-13,29.842931747436523,Success,4
2022-04-14,29.73244285583496,Failure,3
2022-04-15,29.224205017089844,Failure,13
2022-04-18,29.06951332092285,Failure,11
2022-04-19,29.168954849243164,Failure,5
2022-04-20,29.31258773803711,Success,4
2022-04-21,29.334688186645508,Failure,2
2022-04-22,29.08056640625,Success,7
2022-04-25,28.561267852783203,Failure,21
2022-04-26,28.561267852783203,Failure,6
2022-04-27,27.96463394165039,Failure,19
2022-04-28,28.086166381835938,Failure,7
2022-04-29,28.450780868530273,Failure,7
2022-05-03,28.24085235595703,Failure,4
2022-05-04,28.24085235595703,Failure,6
2022-05-05,28.561267852783203,Failure,4
2022-05-06,27.98672866821289,Success,11
2022-05-09,27.52267837524414,Failure,8
2022-05-10,27.401138305664062,Success,9
2022-05-11,27.44533348083496,Success,5
2022-05-12,26.793453216552734,Failure,7
2022-05-13,27.036523818969727,Success,4
2022-05-16,27.18016242980957,Failure,3
2022-05-17,27.478479385375977,Success,2
2022-05-18,27.776796340942383,Success,4
2022-05-19,27.246456146240234,Failure,4
2022-05-20,27.544775009155273,Success,2
2022-05-23,27.600019454956055,Failure,1
2022-05-24,27.290653228759766,Failure,3
2022-05-25,27.500577926635742,Success,1
2022-05-26,27.158065795898438,Failure,3
2022-05-27,27.732606887817383,Success,7
2022-05-30,28.406587600708008,Success,9
2022-05-31,28.682804107666016,Success,4
2022-06-01,28.539173126220703,Failure,4
2022-06-02,28.24085235595703,Failure,2
2022-06-06,28.439725875854492,Success,2
2022-06-07,28.152462005615234,Failure,3
2022-06-08,28.461830139160156,Success,2
2022-06-09,28.373437881469727,Success,1
2022-06-10,28.086166381835938,Success,2
2022-06-13,27.301700592041016,Failure,11
2022-06-14,27.257503509521484,Success,7
2022-06-15,27.12491798400879,Failure,5
2022-06-16,27.06967544555664,Failure,8
2022-06-17,26.705059051513672,Failure,13
2022-06-20,26.46198844909668,Failure,6
2022-06-21,27.003379821777344,Success,4
2022-06-22,26.40674591064453,Failure,9
2022-06-23,26.05318260192871,Failure,11
2022-06-24,26.108423233032227,Failure,7
2022-06-27,26.727157592773438,Success,11
2022-06-28,26.47303581237793,Failure,7
2022-06-29,26.252059936523438,Success,4
2022-06-30,25.589128494262695,Failure,13
2022-07-01,24.649978637695312,Failure,22
2022-07-04,24.40690040588379,Failure,17
2022-07-05,24.528438568115234,Failure,10
2022-07-06,24.05333709716797,Failure,10
2022-07-07,24.77151107788086,Success,8
2022-07-08,25.025638580322266,Failure,6
2022-07-11,24.80466079711914,Failure,5
2022-07-12,24.208023071289062,Failure,7
2022-07-13,25.0698299407959,Success,16
2022-07-14,25.19137191772461,Success,9
2022-07-15,25.52283477783203,Success,12
2022-07-18,25.635074615478516,Failure,14
2022-07-19,25.657522201538086,Success,8
2022-07-20,25.825878143310547,Failure,11
2022-07-21,26.117694854736328,Success,5
2022-07-22,26.218708038330078,Success,10
2022-07-25,26.196260452270508,Success,6
2022-07-26,25.96056365966797,Failure,8
2022-07-27,26.196260452270508,Success,5
2022-07-28,26.24115562438965,Failure,5
2022-07-29,26.488080978393555,Failure,5
2022-08-01,26.40951156616211,Failure,6
2022-08-02,25.988920211791992,Failure,11
2022-08-03,26.1463623046875,Success,5
2022-08-04,26.213838577270508,Success,4
2022-08-05,26.877336502075195,Success,6
2022-08-08,26.821109771728516,Success,5
2022-08-09,26.79861831665039,Success,5
2022-08-10,26.517473220825195,Failure,4
2022-08-11,27.001041412353516,Success,7
2022-08-12,27.169729232788086,Success,5
2022-08-15,27.417133331298828,Success,6
2022-08-16,27.462112426757812,Success,6
2022-08-17,27.473360061645508,Success,9
2022-08-18,27.293428421020508,Failure,3
2022-08-19,27.338409423828125,Success,2
2022-08-22,27.001041412353516,Success,3
2022-08-23,26.584943771362305,Failure,6
2022-08-24,26.517473220825195,Failure,4
2022-08-25,26.764877319335938,Success,3
2022-08-26,26.899829864501953,Failure,6
2022-08-29,26.213838577270508,Success,10
2022-08-30,26.258819580078125,Success,8
2022-08-31,26.44999885559082,Success,4
2022-09-01,25.89895248413086,Failure,13
2022-09-02,25.61781120300293,Failure,9
2022-09-05,25.674041748046875,Success,5
2022-09-06,25.842727661132812,Success,4
2022-09-07,25.235458374023438,Failure,10
2022-09-08,25.41539192199707,Failure,4
2022-09-12,25.955183029174805,Success,4
2022-09-13,26.090129852294922,Failure,3
2022-09-14,25.561582565307617,Success,7
2022-09-15,25.606565475463867,Success,2
2022-09-16,25.314180374145508,Failure,8
2022-09-19,25.20172119140625,Failure,4
2022-09-20,25.426633834838867,Success,3
2022-09-21,25.21296501159668,Failure,7
2022-09-22,24.909330368041992,Success,9
2022-09-23,24.673168182373047,Failure,9
2022-09-26,24.212093353271484,Failure,13
2022-09-27,24.178356170654297,Failure,5
2022-09-28,23.672298431396484,Failure,12
2022-09-29,23.593578338623047,Failure,6
2022-09-30,23.267452239990234,Success,8
2022-10-03,22.98630714416504,Failure,7
2022-10-04,23.57108497619629,Success,4
2022-10-05,24.122127532958984,Success,7
2022-10-06,24.29081153869629,Success,5
2022-10-07,23.88596534729004,Failure,5
2022-10-11,22.64893341064453,Failure,20
2022-10-12,22.536476135253906,Failure,8
2022-10-13,22.26658058166504,Failure,13
2022-10-14,22.9075870513916,Success,7
2022-10-17,22.480249404907227,Failure,13
2022-10-18,22.738901138305664,Failure,4
2022-10-19,22.435266494750977,Failure,10
2022-10-20,22.31156349182129,Success,12
2022-10-21,22.244089126586914,Failure,8
2022-10-24,22.176610946655273,Failure,11
2022-10-25,21.7492733001709,Failure,13
2022-10-26,21.951696395874023,Success,7
2022-10-27,22.26658058166504,Success,5
2022-10-28,21.98543357849121,Failure,7
2022-10-31,22.27782440185547,Success,6
2022-11-01,22.40152931213379,Success,5
2022-11-02,22.491497039794922,Success,4
2022-11-03,22.19910430908203,Success,8
2022-11-04,22.23284149169922,Success,4
2022-11-07,22.615198135375977,Success,8
2022-11-08,22.851360321044922,Success,6
2022-11-09,23.503612518310547,Success,12
2022-11-10,23.278696060180664,Success,9
2022-11-11,24.515731811523438,Success,22
2022-11-14,24.740642547607422,Success,12
2022-11-15,25.79774284362793,Success,22
2022-11-16,25.752761840820312,Failure,15
2022-11-17,25.764009475708008,Success,8
2022-11-18,25.696533203125,Failure,7
2022-11-21,25.606565475463867,Failure,5
2022-11-22,25.82023811340332,Success,3
2022-11-23,26.000165939331055,Failure,5
2022-11-24,26.247573852539062,Success,10
2022-11-25,26.247573852539062,Success,10
2022-11-28,25.71902084350586,Failure,9
2022-11-29,25.955183029174805,Success,7
2022-11-30,26.168853759765625,Success,6
2022-12-01,26.618682861328125,Failure,16
2022-12-02,26.382522583007812,Failure,4
2022-12-05,26.416257858276367,Success,7
2022-12-06,25.932693481445312,Failure,6
2022-12-07,25.775253295898438,Success,5
2022-12-08,25.47161865234375,Failure,6
2022-12-09,25.865219116210938,Success,4
2022-12-12,25.61781120300293,Failure,5
2022-12-13,25.505353927612305,Failure,4
2022-12-14,25.82023811340332,Success,5
2022-12-15,25.842727661132812,Success,5
2022-12-16,25.41539192199707,Success,7
2022-12-19,25.269193649291992,Failure,4
2022-12-20,24.80811882019043,Failure,8
2022-12-21,24.909330368041992,Failure,7
2022-12-22,25.325424194335938,Success,3
2022-12-23,24.89808464050293,Failure,3
2022-12-26,24.98805046081543,Success,2
2022-12-27,25.100505828857422,Success,2
2022-12-28,24.740642547607422,Failure,8
2022-12-29,24.628185272216797,Success,9
2022-12-30,24.785625457763672,Failure,5
2023-01-03,24.909330368041992,Success,9
2023-01-04,24.85310173034668,Success,9
2023-01-05,25.033035278320312,Success,7
2023-01-06,25.145492553710938,Success,7
2023-01-09,26.04515266418457,Success,9
2023-01-10,26.1463623046875,Success,7
2023-01-11,26.168853759765625,Failure,10
2023-01-12,26.056396484375,Failure,6
2023-01-13,26.360031127929688,Failure,18
2023-01-16,26.56245231628418,Failure,18
2023-01-17,26.56245231628418,Failure,9
2023-01-30,27.758338928222656,Failure,28
2023-01-31,27.206392288208008,Failure,14
2023-02-01,27.36737632751465,Failure,4
2023-02-02,27.827333450317383,Success,10
2023-02-03,27.827333450317383,Success,6
2023-02-06,27.42487335205078,Failure,8
2023-02-07,27.36737632751465,Failure,5
2023-02-08,27.792835235595703,Success,5
2023-02-09,27.804336547851562,Success,3
2023-02-10,27.827333450317383,Success,4
2023-02-13,27.769838333129883,Success,2
2023-02-14,27.976818084716797,Success,5
2023-02-15,27.332881927490234,Failure,8
2023-02-16,27.666349411010742,Success,7
2023-02-17,27.30988121032715,Failure,5
2023-02-20,27.36737632751465,Success,3
2023-02-21,27.355876922607422,Failure,2
2023-02-22,27.056909561157227,Success,7
2023-02-23,27.459367752075195,Success,4
2023-02-24,27.321380615234375,Failure,3
2023-03-01,27.4478702545166,Success,4
2023-03-02,27.42487335205078,Failure,2
2023-03-03,27.4478702545166,Failure,2
2023-03-06,27.712345123291016,Success,6
2023-03-07,27.89632797241211,Success,4
2023-03-08,27.666349411010742,Failure,4
2023-03-09,27.643352508544922,Failure,2
2023-03-10,27.206392288208008,Failure,8
2023-03-13,27.321380615234375,Success,12
2023-03-14,27.022411346435547,Failure,7
2023-03-15,27.04541015625,Failure,8
2023-03-16,26.918920516967773,Failure,10
2023-03-17,27.355876922607422,Success,7
2023-03-20,27.1603946685791,Failure,4
2023-03-21,27.28688621520996,Success,2
2023-03-22,27.804336547851562,Success,9
2023-03-23,28.022815704345703,Success,10
2023-03-24,28.103307723999023,Success,8
2023-03-27,27.93082618713379,Failure,7
2023-03-28,27.689348220825195,Failure,6
2023-03-29,27.735340118408203,Failure,2
2023-03-30,27.873329162597656,Failure,7
2023-03-31,27.96531867980957,Failure,9
2023-04-06,27.827333450317383,Success,4
2023-04-07,27.827333450317383,Failure,2
2023-04-10,27.827333450317383,Failure,2
2023-04-11,27.792835235595703,Failure,3
2023-04-12,27.723844528198242,Failure,1
2023-04-13,27.48236846923828,Failure,4
2023-04-14,27.746841430664062,Success,2
2023-04-17,27.677845001220703,Failure,3
2023-04-18,27.58585548400879,Failure,3
2023-04-19,27.378873825073242,Failure,5
2023-04-20,27.34438133239746,Success,4
2023-04-21,27.2753849029541,Failure,3
2023-04-24,27.171897888183594,Success,4
2023-04-25,26.8154296875,Failure,12
2023-04-26,26.700439453125,Failure,8
2023-04-27,26.677440643310547,Failure,6
2023-04-28,26.99941062927246,Success,3
2023-05-02,27.068405151367188,Success,3
2023-05-03,26.95341682434082,Failure,2
2023-05-04,27.022411346435547,Success,2
2023-05-05,27.091400146484375,Success,1
2023-05-08,27.263887405395508,Success,3
2023-05-09,27.34438133239746,Success,3
2023-05-10,27.091400146484375,Failure,2
2023-05-11,27.033906936645508,Failure,2
2023-05-12,26.95341682434082,Success,2
2023-05-15,26.95341682434082,Success,2
2023-05-16,27.2753849029541,Success,5
2023-05-17,27.723844528198242,Success,17
2023-05-18,28.091808319091797,Success,14
2023-05-19,28.172300338745117,Failure,22
2023-05-22,28.12630844116211,Failure,11
2023-05-23,28.103307723999023,Failure,8
2023-05-24,27.96531867980957,Failure,7
2023-05-25,28.29878807067871,Success,7
2023-05-26,28.965723037719727,Success,15
2023-05-29,29.149707794189453,Failure,9
2023-05-30,29.149707794189453,Failure,8
2023-05-31,29.011720657348633,Failure,5
2023-06-01,28.781742095947266,Failure,2
2023-06-02,29.149707794189453,Success,5
2023-06-05,29.057714462280273,Failure,4
2023-06-06,29.13820457458496,Success,4
2023-06-07,29.460180282592773,Success,7
2023-06-08,29.172704696655273,Failure,3
2023-06-09,29.391185760498047,Success,3
2023-06-12,29.667156219482422,Success,9
2023-06-13,30.25360107421875,Success,15
2023-06-14,30.242103576660156,Success,4
2023-06-15,30.334091186523438,Success,7
2023-06-16,30.25360107421875,Failure,4
2023-06-19,30.184608459472656,Success,3
2023-06-20,30.023622512817383,Failure,4
2023-06-21,30.023622512817383,Failure,17
2023-06-26,29.839641571044922,Failure,4
2023-06-27,29.6441593170166,Failure,4
2023-06-28,29.690155029296875,Failure,3
2023-06-29,29.67865562438965,Failure,3
2023-06-30,29.690155029296875,Success,4
2023-07-03,30.058116912841797,Success,4
2023-07-04,30.127113342285156,Success,3
2023-07-05,30.081119537353516,Failure,3
2023-07-06,29.4141788482666,Failure,10
2023-07-07,29.36818504333496,Success,5
2023-07-10,29.31068992614746,Failure,5
2023-07-11,29.713151931762695,Success,3
2023-07-12,29.770648956298828,Success,2
2023-07-13,30.10411262512207,Failure,10
2023-07-14,30.414588928222656,Success,9
2023-07-17,30.357091903686523,Failure,10
2023-07-18,30.29875946044922,Failure,7
2023-07-19,30.042083740234375,Failure,9
2023-07-20,30.182086944580078,Success,2
2023-07-21,29.68041229248047,Failure,8
2023-07-24,29.692081451416016,Success,6
2023-07-25,30.06542205810547,Success,4
2023-07-26,29.983753204345703,Failure,2
2023-07-27,30.21708869934082,Success,2
2023-07-28,30.21708869934082,Success,1
2023-07-31,30.053754806518555,Failure,4
2023-08-01,30.205421447753906,Success,2
2023-08-02,29.83208465576172,Failure,7
2023-08-04,29.692081451416016,Failure,4
2023-08-07,29.983753204345703,Success,3
2023-08-08,29.633745193481445,Failure,6
2023-08-09,29.68041229248047,Success,2
2023-08-10,29.493743896484375,Failure,7
2023-08-11,29.470413208007812,Failure,5
2023-08-14,29.050405502319336,Failure,14
2023-08-15,29.097070693969727,Failure,4
2023-08-16,28.945404052734375,Failure,11
2023-08-17,29.07373809814453,Success,6
2023-08-18,28.89873695373535,Failure,5
2023-08-21,28.700401306152344,Failure,6
2023-08-22,28.93373680114746,Failure,2
2023-08-23,29.132070541381836,Success,4
2023-08-24,29.633745193481445,Success,4
2023-08-25,29.062074661254883,Failure,4
2023-08-28,29.248743057250977,Success,2
2023-08-29,29.412076950073242,Success,4
2023-08-30,29.5404109954834,Failure,3
2023-08-31,29.330408096313477,Failure,2
2023-09-01,29.3770751953125,Success,2
2023-09-04,29.575414657592773,Success,2
2023-09-05,29.50541114807129,Failure,2
2023-09-06,29.400413513183594,Failure,4
2023-09-07,29.132070541381836,Failure,3
2023-09-08,29.003738403320312,Success,3
2023-09-11,28.88707160949707,Failure,5
2023-09-12,29.178741455078125,Success,1
2023-09-13,29.213741302490234,Failure,2
2023-09-14,29.62207794189453,Success,4
2023-09-15,29.715415954589844,Success,3
2023-09-18,29.400413513183594,Failure,4
2023-09-19,29.27207374572754,Failure,2
2023-09-20,29.108741760253906,Failure,3
2023-09-21,28.642065048217773,Failure,13
2023-09-22,28.618732452392578,Success,6
2023-09-25,28.8287353515625,Success,2
2023-09-26,28.490394592285156,Failure,6
2023-09-27,28.502063751220703,Success,4
2023-09-28,28.618732452392578,Failure,3
2023-10-02,28.9920711517334,Success,4
2023-10-03,28.81707000732422,Failure,3
2023-10-04,28.4437313079834,Failure,7
2023-10-05,28.852069854736328,Success,2
2023-10-06,28.957069396972656,Success,3
2023-10-11,29.458744049072266,Success,8
2023-10-12,29.70374870300293,Success,9
2023-10-13,29.62207794189453,Failure,4
2023-10-16,29.458744049072266,Failure,5
2023-10-17,29.528749465942383,Failure,4
2023-10-18,29.12040901184082,Failure,6
2023-10-19,29.132070541381836,Success,5
2023-10-20,29.260406494140625,Success,2
2023-10-23,28.89873695373535,Failure,5
2023-10-24,28.92207145690918,Success,4
2023-10-25,28.980405807495117,Failure,2
2023-10-26,28.408729553222656,Failure,14
2023-10-27,28.537065505981445,Success,2
2023-10-30,28.467063903808594,Failure,6
2023-10-31,28.268728256225586,Failure,7
2023-11-01,28.408729553222656,Failure,2
2023-11-02,29.050405502319336,Success,6
2023-11-03,29.27207374572754,Success,5
2023-11-06,29.528749465942383,Failure,10
2023-11-07,29.517078399658203,Failure,4
2023-11-08,29.68041229248047,Success,7
2023-11-09,29.692081451416016,Success,4
2023-11-10,29.575414657592773,Success,2
2023-11-13,30.03041648864746,Failure,16
2023-11-14,30.100418090820312,Failure,13
2023-11-15,30.46209144592285,Failure,15
2023-11-16,30.4737606048584,Failure,12
2023-11-17,30.567092895507812,Success,17
2023-11-20,30.555423736572266,Failure,5
2023-11-21,30.92876434326172,Success,18
2023-11-22,30.64876365661621,Success,4
2023-11-23,30.63709259033203,Failure,4
2023-11-24,30.613759994506836,Failure,8
2023-11-27,30.41542625427246,Failure,6
2023-11-28,30.625429153442383,Success,6
2023-11-29,30.60209083557129,Failure,4
2023-11-30,30.64876365661621,Success,7
2023-12-01,30.753761291503906,Success,3
2023-12-04,30.63709259033203,Failure,2
2023-12-05,30.41542625427246,Failure,3
2023-12-06,30.520427703857422,Success,4
2023-12-07,30.333757400512695,Failure,1
2023-12-08,30.57876205444336,Failure,8
2023-12-11,30.613759994506836,Success,2
2023-12-12,30.683761596679688,Failure,3
2023-12-13,30.69542694091797,Failure,1
2023-12-14,31.068763732910156,Success,21
2023-12-15,31.197099685668945,Success,12
2023-12-18,31.2437686920166,Success,4
2023-12-19,31.127099990844727,Failure,3
2023-12-20,31.20876693725586,Success,4
2023-12-21,30.940433502197266,Success,3
2023-12-22,31.022096633911133,Success,4
2023-12-25,31.150428771972656,Success,5
2023-12-26,31.325437545776367,Success,11
2023-12-27,31.675443649291992,Success,19
2023-12-28,31.675443649291992,Failure,9
2023-12-29,31.605440139770508,Failure,8
2024-01-02,31.477100372314453,Failure,3
2024-01-03,30.92876434326172,Failure,8
2024-01-04,30.917102813720703,Failure,3
2024-01-05,30.835424423217773,Failure,2
2024-01-08,30.975431442260742,Failure,6
2024-01-09,31.03376579284668,Failure,3
2024-01-10,30.87042999267578,Failure,4
2024-01-11,30.998769760131836,Success,3
2024-01-12,30.95209503173828,Success,4
2024-01-15,30.95209503173828,Failure,0
2024-01-16,30.718759536743164,Failure,14
2024-01-17,30.432226181030273,Failure,24
2024-01-18,30.63519287109375,Success,4
2024-01-19,31.733564376831055,Success,17
2024-01-22,31.94846534729004,Failure,8
2024-01-23,32.00816345214844,Success,4
2024-01-24,31.996217727661133,Failure,9
2024-01-25,32.39020538330078,Success,17
2024-01-26,32.39020538330078,Failure,10
2024-01-29,32.59316635131836,Success,17
2024-01-30,32.50959396362305,Failure,6
2024-01-31,32.079795837402344,Failure,4
2024-02-01,32.079795837402344,Failure,5
2024-02-02,32.25888442993164,Success,5
2024-02-05,32.46183776855469,Success,11
2024-02-15,33.99001693725586,Success,27
2024-02-16,33.73930358886719,Failure,11
2024-02-19,33.69154739379883,Success,5
2024-02-20,33.822872161865234,Success,8
2024-02-21,33.715423583984375,Failure,6
2024-02-22,34.097469329833984,Failure,8
2024-02-23,34.324302673339844,Success,12
2024-02-26,34.3720588684082,Success,6
2024-02-27,34.22879409790039,Failure,3
2024-02-29,34.216861724853516,Success,4
2024-03-01,34.097469329833984,Failure,5
2024-03-04,35.08839416503906,Success,16
2024-03-05,35.37492752075195,Success,10
2024-03-06,35.542076110839844,Success,10
2024-03-07,36.3658561706543,Success,19
2024-03-08,36.87923049926758,Failure,19
2024-03-11,36.50912094116211,Failure,8
2024-03-12,36.89116668701172,Success,9
2024-03-13,37.070255279541016,Failure,8
2024-03-14,37.0344352722168,Success,5
2024-03-15,36.53300476074219,Failure,5
2024-03-18,36.86729049682617,Success,11
2024-03-19,36.783721923828125,Success,5
2024-03-20,36.58076095581055,Failure,6
2024-03-21,37.583621978759766,Success,13
2024-03-22,37.535865783691406,Failure,4
2024-03-25,37.60749435424805,Success,5
2024-03-26,37.631378173828125,Failure,4
2024-03-27,37.643314361572266,Success,2
2024-03-28,37.464229583740234,Failure,2
2024-03-29,37.67913055419922,Success,3
2024-04-01,37.583621978759766,Failure,3
2024-04-02,38.120872497558594,Success,4
2024-04-03,37.858219146728516,Failure,3
2024-04-08,38.0731201171875,Success,3
2024-04-09,38.980472564697266,Success,5
2024-04-10,38.9207763671875,Success,3
2024-04-11,38.801387786865234,Success,2
2024-04-12,38.70587921142578,Failure,3
2024-04-15,38.204444885253906,Failure,5
2024-04-16,37.1657600402832,Failure,11
2024-04-17,37.583621978759766,Success,5
2024-04-18,37.95372772216797,Success,4
2024-04-19,36.03156280517578,Failure,20
2024-04-22,35.92411804199219,Success,6
2024-04-23,36.27034378051758,Failure,3
2024-04-24,37.332908630371094,Success,5
2024-04-25,36.65239334106445,Failure,3
2024-04-26,37.24933624267578,Failure,3
2024-04-29,37.917911529541016,Success,5
2024-04-30,37.786582946777344,Failure,2
2024-05-02,37.28514862060547,Failure,4
2024-05-03,37.47616958618164,Failure,3
2024-05-06,38.013423919677734,Success,5
2024-05-07,38.22832489013672,Failure,4
2024-05-08,38.3715934753418,Success,3
2024-05-09,38.32383346557617,Failure,3
2024-05-10,38.598426818847656,Success,6
2024-05-13,38.99241256713867,Failure,6
2024-05-14,39.25506591796875,Success,5
2024-05-15,39.79231643676758,Success,9
2024-05-16,39.98333740234375,Failure,7
2024-05-17,39.935585021972656,Failure,3
2024-05-20,39.923641204833984,Failure,4
2024-05-21,39.87588882446289,Success,2
2024-05-22,40.592220306396484,Success,4
2024-05-23,40.90263748168945,Success,3
2024-05-24,40.73548889160156,Success,2
2024-05-27,41.29661560058594,Success,3
2024-05-28,41.3563117980957,Success,3
2024-05-29,40.79518127441406,Failure,4
2024-05-30,40.090789794921875,Failure,6
2024-05-31,39.63711166381836,Failure,5
2024-06-03,40.48477554321289,Success,5
2024-06-04,39.84007263183594,Failure,5
2024-06-05,40.22211837768555,Success,2
2024-06-06,41.595088958740234,Success,11
2024-06-07,41.272743225097656,Failure,4
2024-06-11,41.38018798828125,Success,7
2024-06-12,42.120399475097656,Success,5
2024-06-13,42.729286193847656,Success,10
2024-06-14,42.980003356933594,Success,4
2024-06-17,42.980003356933594,Success,5
2024-06-18,43.69633102416992,Success,4
2024-06-19,44.8782844543457,Success,16
2024-06-20,45.308082580566406,Success,7
2024-06-21,45.033485412597656,Success,6
2024-06-24,43.93510818481445,Failure,8
2024-06-25,43.91122817993164,Success,8
2024-06-26,44.257469177246094,Success,5
2024-06-27,44.24552536010742,Success,4
2024-06-28,44.520118713378906,Success,2
2024-07-01,44.55593490600586,Success,4
2024-07-02,44.257469177246094,Failure,3
2024-07-03,44.794715881347656,Failure,4
2024-07-04,45.964725494384766,Success,8
2024-07-05,45.797584533691406,Failure,6
2024-07-08,47.2421875,Success,11
2024-07-09,47.194427490234375,Success,10
2024-07-10,47.36157989501953,Success,4
2024-07-11,48.41219711303711,Success,6
2024-07-12,46.88401412963867,Failure,9
2024-07-15,46.967586517333984,Failure,6
2024-07-16,47.243587493896484,Success,8
2024-07-17,46.58359146118164,Failure,9
2024-07-18,45.74360275268555,Success,11
2024-07-19,44.699607849121094,Failure,10
2024-07-22,43.367618560791016,Failure,14
2024-07-23,44.71160888671875,Success,8
2024-07-26,42.959625244140625,Success,17
2024-07-29,43.343624114990234,Failure,6
2024-07-30,43.343624114990234,Success,8
2024-07-31,43.403621673583984,Success,6
2024-08-01,44.159610748291016,Failure,9
2024-08-02,41.92762756347656,Failure,19
2024-08-05,38.099666595458984,Failure,36
2024-08-06,40.19964599609375,Success,41
2024-08-07,41.795631408691406,Success,21
2024-08-08,40.931644439697266,Failure,17
2024-08-09,42.20363235473633,Success,15
2024-08-12,42.731624603271484,Success,11
2024-08-13,42.83962631225586,Failure,7
2024-08-14,43.37961959838867,Success,12
2024-08-15,43.04362487792969,Failure,7
2024-08-16,44.0156135559082,Success,8
2024-08-19,44.07561492919922,Success,6
2024-08-20,44.099613189697266,Failure,7
2024-08-21,43.63161849975586,Failure,7
2024-08-22,43.403621673583984,Failure,3
2024-08-23,43.42761993408203,Success,5
2024-08-26,43.49961853027344,Failure,7
2024-08-27,43.307621002197266,Success,3
2024-08-28,43.919612884521484,Success,3
2024-08-29,43.31962203979492,Success,7
2024-08-30,43.52362060546875,Success,5
2024-09-02,43.403621673583984,Failure,5
2024-09-03,43.21162414550781,Failure,6
2024-09-04,41.09964370727539,Success,19
2024-09-05,41.35163879394531,Failure,5
2024-09-06,41.939632415771484,Success,5
2024-09-09,41.2916374206543,Success,10
2024-09-10,41.36363983154297,Failure,6
2024-09-11,41.2436408996582,Failure,3
2024-09-12,42.791622161865234,Success,10
2024-09-13,42.81562423706055,Failure,2
2024-09-16,42.899627685546875,Success,3
2024-09-18,42.683631896972656,Failure,6
2024-09-19,43.235618591308594,Success,5
2024-09-20,43.78761672973633,Failure,9
2024-09-23,43.9796142578125,Success,5
2024-09-24,44.39960861206055,Success,6
2024-09-25,45.05960464477539,Success,7
2024-09-26,45.431602478027344,Failure,11
2024-09-27,45.335601806640625,Failure,7
2024-09-30,44.14761734008789,Failure,8
2024-10-01,44.06361770629883,Failure,6
2024-10-04,44.06361770629883,Failure,5
2024-10-07,45.15560531616211,Success,8
2024-10-08,44.93960952758789,Success,6
2024-10-09,45.35960388183594,Failure,7
2024-10-11,46.11559295654297,Success,8
2024-10-14,46.1515998840332,Success,6
2024-10-15,47.13558578491211,Success,9
2024-10-16,46.31959533691406,Success,11
2024-10-17,46.391597747802734,Failure,6
2024-10-18,47.54358673095703,Failure,21
2024-10-21,47.531585693359375,Failure,8
2024-10-22,47.351585388183594,Success,5
2024-10-23,47.039588928222656,Failure,6
2024-10-24,46.75159454345703,Failure,5
2024-10-25,47.13558578491211,Success,8
2024-10-28,47.05158233642578,Failure,7
2024-10-29,45.959598541259766,Failure,16
2024-10-30,46.03160095214844,Failure,9
2024-11-01,45.71959686279297,Success,12
2024-11-04,46.307594299316406,Success,4
2024-11-05,46.47559356689453,Success,6
2024-11-06,46.84758377075195,Success,11
2024-11-07,47.38758087158203,Success,8
2024-11-08,47.75958251953125,Failure,8
2024-11-11,47.7835807800293,Success,8
2024-11-12,46.559593200683594,Failure,17
2024-11-13,46.25959014892578,Failure,6
2024-11-14,45.839595794677734,Failure,8
2024-11-15,46.163597106933594,Success,4
2024-11-18,45.515602111816406,Failure,8
2024-11-19,46.13959503173828,Success,5
2024-11-20,45.94759750366211,Failure,0
2024-11-21,45.443603515625,Failure,10
2024-11-22,46.33159637451172,Success,5
2024-11-25,46.163597106933594,Failure,5
2024-11-26,45.563602447509766,Failure,7
2024-11-27,44.90360641479492,Failure,9
2024-11-28,44.831607818603516,Failure,8
2024-11-29,44.93960952758789,Success,5
2024-12-02,46.00759506225586,Success,6
2024-12-03,46.631591796875,Failure,6
2024-12-04,46.90758514404297,Success,4
2024-12-05,47.15958786010742,Success,4
2024-12-06,46.97958755493164,Failure,4
2024-12-09,47.039588928222656,Failure,3
2024-12-10,46.703590393066406,Failure,2
2024-12-11,46.29559326171875,Failure,4
2024-12-12,46.83558654785156,Success,3
2024-12-13,46.8715934753418,Success,2
2024-12-16,47.06359100341797,Failure,4
2024-12-17,47.303585052490234,Failure,6
2024-12-18,47.303585052490234,Success,4
2024-12-19,46.65559005737305,Success,8
2024-12-20,46.223594665527344,Failure,7
2024-12-23,47.3395881652832,Success,7
2024-12-24,47.47158432006836,Failure,5
2024-12-25,47.61558532714844,Failure,3
2024-12-26,47.57958221435547,Failure,3
2024-12-27,47.7355842590332,Success,4
2024-12-30,47.47158432006836,Failure,5
2024-12-31,46.97958755493164,Failure,5
2025-01-02,46.57159423828125,Failure,8
2025-01-03,47.039588928222656,Failure,4
2025-01-06,48.515567779541016,Success,16
2025-01-07,49.05556869506836,Failure,10
2025-01-08,48.32358169555664,Failure,7
2025-01-09,47.771583557128906,Failure,5
2025-01-10,47.75958251953125,Failure,5
2025-01-13,46.65559005737305,Failure,13
2025-01-14,46.9435920715332,Success,7
2025-01-15,46.58359146118164,Failure,11
2025-01-16,47.531585693359375,Success,10
2025-01-17,47.762733459472656,Failure,10
2025-01-20,48.24936294555664,Success,4
2025-01-21,48.34668731689453,Success,7
2025-01-22,48.97930908203125,Success,8
2025-02-03,46.88679504394531,Success,36
2025-02-04,47.16661071777344,Success,12
2025-02-05,47.8843879699707,Success,10
2025-02-06,48.09120559692383,Failure,7
2025-02-07,48.3101921081543,Success,3
2025-02-10,47.762733459472656,Failure,10
2025-02-11,48.05471420288086,Failure,3
2025-02-12,47.98171615600586,Failure,4
2025-02-13,47.77489471435547,Failure,9
2025-02-14,47.20310974121094,Failure,15
2025-02-17,47.9208869934082,Success,7
2025-02-18,48.09120559692383,Failure,5
2025-02-19,48.006046295166016,Failure,7
2025-02-20,47.82356262207031,Failure,9
2025-02-21,48.16419982910156,Success,5
2025-02-24,47.738399505615234,Success,8
2025-02-25,47.11794662475586,Failure,17
2025-02-26,47.37342834472656,Success,12
2025-02-27,46.838138580322266,Failure,12
2025-03-03,45.7553825378418,Failure,36
2025-03-04,45.45124053955078,Success,18
2025-03-05,46.047359466552734,Success,8
2025-03-06,45.76755142211914,Failure,9
2025-03-07,45.34174728393555,Failure,11
2025-03-10,45.074100494384766,Failure,13
2025-03-11,44.283329010009766,Success,22
2025-03-12,44.47798156738281,Success,8
2025-03-13,44.0643424987793,Failure,8
2025-03-14,43.91835403442383,Failure,8
2025-03-17,44.295494079589844,Failure,7
2025-03-18,44.47798156738281,Failure,5
2025-03-19,43.93052291870117,Failure,7
2025-03-20,44.87944793701172,Success,5
2025-03-21,44.51447677612305,Failure,4
2025-03-24,44.46581268310547,Failure,4
2025-03-25,44.9281120300293,Failure,5
2025-03-26,44.89161682128906,Failure,4
2025-03-27,44.04001235961914,Failure,11
2025-03-28,43.602046966552734,Success,13
2025-03-31,42.03266143798828,Failure,24
2025-04-01,42.89643478393555,Success,7
2025-04-02,42.82344055175781,Failure,6
2025-04-07,38.54109191894531,Failure,15
2025-04-08,37.28802490234375,Success,53
2025-04-09,35.57264709472656,Failure,49
2025-04-10,39.12504959106445,Failure,3
2025-04-11,40.03748321533203,Success,31
2025-04-14,39.83066177368164,Failure,29
2025-04-15,40.23213195800781,Success,12
2025-04-16,39.502193450927734,Failure,16
2025-04-17,39.06422424316406,Failure,12
2025-04-18,39.149375915527344,Failure,7
2025-04-21,38.589759826660156,Failure,10
2025-04-22,37.944969177246094,Failure,12
2025-04-23,39.62384796142578,Success,10
2025-04-24,39.392696380615234,Failure,8
2025-04-25,40.3294563293457,Failure,11
2025-04-28,40.67009735107422,Success,7
2025-04-29,40.82825469970703,Success,7
2025-04-30,41.022911071777344,Success,6
2025-05-02,42.21514892578125,Success,9
2025-05-05,41.838008880615234,Failure,21
2025-05-06,41.60686492919922,Success,19
2025-05-07,41.44871139526367,Failure,8
2025-05-08,41.99617004394531,Success,6
2025-05-09,42.519290924072266,Success,8
2025-05-12,42.99375534057617,Success,8
2025-05-13,43.51688766479492,Failure,13
2025-05-14,44.5023078918457,Success,14
2025-05-15,44.40498352050781,Failure,7
2025-05-16,44.526641845703125,Success,6
2025-05-19,43.90618896484375,Failure,6
2025-05-20,43.99134826660156,Failure,3
2025-05-21,44.672630310058594,Success,9
2025-05-22,44.186004638671875,Failure,5
2025-05-23,44.003517150878906,Failure,4
2025-05-26,43.95485305786133,Failure,9
2025-05-27,43.5655517578125,Failure,7
2025-05-28,43.638545989990234,Failure,5
2025-05-29,43.73586654663086,Failure,5
2025-06-02,42.79910659790039,Failure,11
2025-06-03,43.103248596191406,Failure,4
2025-06-04,44.11301040649414,Success,7
2025-06-05,44.19816207885742,Failure,6
2025-06-06,44.271156311035156,Success,5
2025-06-09,44.696964263916016,Success,8
2025-06-10,45.901371002197266,Success,19
2025-06-11,45.901371002197266,Failure,0
2025-06-12,45.901371002197266,Failure,0
2025-06-13,45.901371002197266,Failure,0
2025-06-16,45.901371002197266,Failure,0
2025-06-17,45.901371002197266,Failure,0
2025-06-18,46.297977447509766,Success,40
2025-06-19,45.84054183959961,Failure,27
2025-06-20,45.77241516113281,Failure,13
2025-06-23,45.39284133911133,Success,16
2025-06-24,46.22011184692383,Success,9
2025-06-25,46.89166259765625,Success,12
2025-06-26,46.9500617980957,Failure,12
2025-06-27,46.998722076416016,Failure,15
2025-06-30,47.06684875488281,Failure,9
2025-07-01,47.33936309814453,Success,12
2025-07-02,47.349098205566406,Success,12
2025-07-03,48.00117874145508,Failure,10
2025-07-04,47.5534782409668,Failure,12
2025-07-07,47.271236419677734,Failure,12
2025-07-08,47.0571174621582,Failure,8
2025-07-09,47.54374694824219,Success,6
2025-07-10,48.088775634765625,Success,8
2025-07-11,48.293155670166016,Success,7
2025-07-14,48.01091384887695,Failure,10
2025-07-15,48.66299819946289,Success,11
2025-07-16,49.052303314208984,Success,14
2025-07-17,49.34428024291992,Success,14
2025-07-18,50.07422637939453,Success,17
2025-07-21,49.888004302978516,Failure,12
2025-07-22,49.54496383666992,Failure,14
2025-07-23,49.69198226928711,Success,10
2025-07-24,49.98601531982422,Failure,13
2025-07-25,49.888004302978516,Failure,6
2025-07-28,50.03501892089844,Failure,8
2025-07-29,49.44694900512695,Failure,16
2025-07-30,49.98601531982422,Success,13
2025-07-31,50.52507781982422,Success,13
2025-08-01,50.08402633666992,Success,16
2025-08-04,49.78998947143555,Success,14
2025-08-05,50.42707061767578,Success,7
2025-08-06,49.98601531982422,Failure,7
2025-08-07,51.40718460083008,Success,20
2025-08-08,51.40718460083008,Failure,9
2025-08-11,51.799232482910156,Success,11
2025-08-12,51.848243713378906,Success,9
2025-08-13,52.28929138183594,Success,12
2025-08-14,52.09326934814453,Failure,9
2025-08-15,52.09326934814453,Failure,8
2025-08-18,52.24028396606445,Success,7
2025-08-19,52.142276763916016,Failure,4
2025-08-20,50.672096252441406,Failure,36
2025-08-21,50.96613311767578,Success,12
2025-08-22,50.72110366821289,Failure,7
2025-08-25,51.652217864990234,Success,10
2025-08-26,51.70122146606445,Success,6
2025-08-27,51.946250915527344,Failure,14
2025-08-28,51.45619201660156,Failure,9
2025-08-29,51.45619201660156,Failure,6
2025-09-01,50.96613311767578,Failure,12
2025-09-02,50.96613311767578,Failure,5
2025-09-03,50.91712951660156,Success,6
2025-09-04,51.26016616821289,Failure,6
2025-09-05,51.799232482910156,Success,6
2025-09-08,52.28929138183594,Failure,9
2025-09-09,52.8283576965332,Success,9
2025-09-10,53.857479095458984,Success,12
2025-09-11,54.347537994384766,Failure,14
2025-09-12,54.88660430908203,Success,9
2025-09-15,54.88660430908203,Failure,8
2025-09-16,55.6216926574707,Success,10
2025-09-17,55.22964096069336,Failure,10
2025-09-18,55.817718505859375,Success,7
2025-09-19,55.866722106933594,Failure,11
2025-09-22,56.25877380371094,Success,9
2025-09-23,57.28789520263672,Success,14
2025-09-24,57.238887786865234,Failure,14
2025-09-25,57.04286575317383,Failure,9
2025-09-26,56.111751556396484,Failure,26
2025-09-30,56.650814056396484,Success,10
2025-10-01,56.94485092163086,Success,12
2025-10-02,58.02298355102539,Success,11
2025-10-03,58.856082916259766,Success,12
2025-10-07,60.4732780456543,Success,21
2025-10-08,59.9342155456543,Success,18
2025-10-09,60.37526321411133,Failure,12
2025-10-13,59.78719711303711,Success,43
2025-10-14,59.49315643310547,Failure,25
2025-10-15,60.571285247802734,Success,16
2025-10-16,61.747432708740234,Success,18
2025-10-17,60.81631851196289,Failure,26
2025-10-20,61.84543991088867,Success,17
2025-10-21,61.943450927734375,Failure,20
2025-10-22,61.45339584350586,Success,19
2025-10-23,61.1103515625,Success,26
2025-10-27,62.531524658203125,Success,16
2025-10-28,62.09046936035156,Failure,15
2025-10-29,63.11959457397461,Success,10
2025-10-30,63.11959457397461,Failure,15
2025-10-31,63.46263885498047,Success,8
2025-11-03,62.87456512451172,Failure,21
2025-11-04,62.67854309082031,Failure,13
2025-11-05,61.89445114135742,Success,34
2025-11-06,62.041465759277344,Failure,10
2025-11-07,61.30637741088867,Failure,16
2025-11-10,62.09046936035156,Success,13
2025-11-11,61.649417877197266,Failure,12
2025-11-12,61.943450927734375,Success,9
2025-11-13,61.649417877197266,Success,12
2025-11-14,60.4732780456543,Success,33
2025-11-17,60.66930389404297,Failure,14
2025-11-18,59.248130798339844,Failure,39
2025-11-19,58.856082916259766,Failure,22
2025-11-20,60.66930389404297,Success,13
2025-11-21,58.660057067871094,Failure,49
2025-11-24,58.366024017333984,Failure,25
2025-11-25,59.150115966796875,Failure,10
2025-11-26,60.13023376464844,Success,12
2025-11-27,60.66930389404297,Success,8
2025-11-28,61.1103515625,Success,11
2025-12-01,60.277252197265625,Failure,15
2025-12-02,60.4732780456543,Failure,6
2025-12-03,61.061344146728516,Failure,7
2025-12-04,60.96333694458008,Failure,6
2025-12-05,61.50239944458008,Success,7
2025-12-08,62.43351364135742,Success,12
2025-12-09,62.33549880981445,Failure,7
2025-12-10,62.77655792236328,Success,10
2025-12-11,62.09046936035156,Failure,15
2025-12-12,62.18848419189453,Failure,9
2025-12-15,61.55140686035156,Success,17
2025-12-16,61.01234436035156,Success,25
2025-12-17,60.66930389404297,Failure,14
2025-12-18,60.66930389404297,Success,18
2025-12-19,61.25736999511719,Success,13
2025-12-22,62.13947677612305,Success,15
2025-12-23,62.43351364135742,Success,16
2025-12-24,62.580528259277344,Failure,10
2025-12-26,63.11959457397461,Success,11
2025-12-29,63.95269775390625,Success,13
2025-12-30,63.85468673706055,Success,9
2025-12-31,64.29573822021484,Success,11
2026-01-02,65.618896484375,Success,12
2026-01-05,68.11819458007812,Success,37
2026-01-06,69.00030517578125,Success,20
2026-01-07,68.46123504638672,Failure,18
2026-01-08,68.70626831054688,Success,11
2026-01-09,68.46123504638672,Success,17
2026-01-12,68.9512939453125,Failure,13
2026-01-13,69.2943344116211,Failure,16
2026-01-14,69.34334564208984,Failure,13
2026-01-15,69.2453384399414,Failure,14
2026-01-16,70.56848907470703,Success,16
2026-01-19,71.15656280517578,Success,19
2026-01-20,71.15656280517578,Success,17
2026-01-21,70.42147064208984,Success,26
2026-01-22,71.36573028564453,Failure,15
2026-01-23,71.81300354003906,Success,11
2026-01-26,71.81300354003906,Failure,13
2026-01-27,72.60816955566406,Success,11
2026-01-28,73.75120544433594,Success,14
2026-01-29,73.3039321899414,Failure,18
2026-01-30,72.160888671875,Failure,26
2026-02-02,71.06754302978516,Failure,34
2026-02-03,72.5087661743164,Failure,11
2026-02-04,72.45907592773438,Success,9
2026-02-05,71.56451416015625,Failure,15
2026-02-06,71.46512603759766,Success,17
2026-02-09,73.50271606445312,Failure,19
2026-02-10,75.04335021972656,Success,16
2026-02-11,76.73306274414062,Success,18
2026-02-23,76.93185424804688,Failure,35
2026-02-24,78.91976165771484,Success,23
2026-02-25,80.6094741821289,Success,26
2026-02-26,80.65917205810547,Failure,20
2026-03-02,79.864013671875,Success,33
2026-03-03,78.27368927001953,Failure,47
2026-03-04,75.14273834228516,Failure,75
2026-03-05,76.93185424804688,Failure,32
2026-03-06,76.38517761230469,Success,23
2026-03-09,73.15483856201172,Success,81
2026-03-10,74.74515533447266,Failure,27
2026-03-11,77.72701263427734,Success,24
2026-03-12,76.1366958618164,Failure,19
2026-03-13,75.4906234741211,Success,17
2026-03-16,75.14273834228516,Failure,16
2026-03-17,76.18639373779297,Success,10
2026-03-18,77.32943725585938,Success,11
2026-03-19,75.54032135009766,Failure,21
2026-03-20,75.44092559814453,Failure,11
2026-03-23,73.80091094970703,Success,34
2026-03-24,73.95000457763672,Failure,13
2026-03-25,75.7391128540039,Failure,15
2026-03-26,75.34153747558594,Failure,12
2026-03-27,74.54637145996094,Success,17
2026-03-30,73.4530258178711,Success,26
2026-03-31,71.91239929199219,Failure,38
2026-04-01,74.99364471435547,Success,20
2026-04-02,73.50271606445312,Failure,17
2026-04-07,74.84455871582031,Success,12
2026-04-08,78.72096252441406,Success,37
2026-04-09,78.67127227783203,Failure,15
2026-04-10,80.2615966796875,Success,19
2026-04-13,80.11249542236328,Failure,14
2026-04-14,82.59738159179688,Success,20
2026-04-15,83.64102935791016,Success,20
2026-04-16,84.48588562011719,Success,12
2026-04-17,83.64102935791016,Failure,15
2026-04-20,84.03861236572266,Failure,15
2026-04-21,85.4798355102539,Success,11
2026-04-22,85.82772064208984,Success,10
2026-04-23,85.82772064208984,Failure,24
2026-04-24,89.40594482421875,Success,20
2026-04-27,92.4375,Success,30
2026-04-28,91.44355010986328,Failure,18
2026-04-29,90.20111083984375,Success,15
2026-04-30,89.95262145996094,Failure,13
2026-05-04,94.02782440185547,Success,19
2026-05-05,94.02782440185547,Success,12
2026-05-06,95.17086791992188,Failure,17
2026-05-07,97.10906982421875,Failure,18
2026-05-08,96.4133071899414,Failure,19
2026-05-11,96.31391143798828,Success,14
2026-05-12,96.26421356201172,Failure,15
2026-05-13,94.92237854003906,Success,18
2026-05-14,95.46905517578125,Failure,8
2026-05-15,94.82298278808594,Failure,14
2026-05-18,94.32601165771484,Success,17
2026-05-19,92.53689575195312,Failure,19
2026-05-20,91.94052124023438,Failure,18
2026-05-21,95.270263671875,Success,9
2026-05-22,96.71149444580078,Success,10
2026-05-25,100.19032287597656,Success,20
2026-05-26,99.49455261230469,Failure,14
2026-05-27,101.92974090576172,Success,14
2026-05-28,99.89213562011719,Failure,23
2026-05-29,104.76250457763672,Success,16
2026-06-01,104.86189270019531,Success,21
2026-06-02,105.06068420410156,Failure,17
2026-06-03,106.9491958618164,Success,12
2026-06-04,105.45826721191406,Failure,17
2026-06-05,103.52006530761719,Failure,27
2026-06-08,100.33941650390625,Success,53
2026-06-09,102.87399291992188,Success,14
2026-06-10,99.64364624023438,Failure,27
2026-06-11,99.2460708618164,Failure,41
2026-06-12,101.33336639404297,Failure,12
2026-06-15,104.61341094970703,Success,15
2026-06-16,105.25947570800781,Failure,11
2026-06-17,105.35887145996094,Success,12
2026-06-18,106.65100860595703,Success,12
2026-06-22,110.47772216796875,Success,18
2026-06-23,109.43407440185547,Failure,19
2026-06-24,106.50191497802734,Failure,34
2026-06-25,106.5516128540039,Failure,14
2026-06-26,102.47640991210938,Failure,41
2026-06-29,103.81824493408203,Success,16
2026-06-30,107.14798736572266,Success,17
2026-07-01,108.68860626220703,Failure,11
2026-07-02,108.14193725585938,Success,11
2026-07-03,107.69465637207031,Success,12
2026-07-06,107.59526062011719,Failure,11
2026-07-07,105.55765533447266,Failure,18
2026-07-08,105.4085693359375,Failure,14
2026-07-09,105.16008758544922,Failure,8
2026-07-10,105.16008758544922,Failure,0
2026-07-13,105.35887145996094,Failure,10
2026-07-14,103.76854705810547,Failure,37
2026-07-15,105.65705871582031,Success,17
2026-07-16,105.75645446777344,Success,11
2026-07-17,99.54425811767578,Failure,73
2026-07-20,98.5999984741211,Failure,55
2026-07-21,102.5,Success,15
2026-07-22,103.8499984741211,Failure,17
2026-07-23,103.9000015258789,Failure,8
2026-07-24,101.69999694824219,Failure,15
2026-07-27,101.44999694824219,Success,16
2026-07-28,97.1500015258789,Failure,66
2026-07-29,93.69999694824219,Failure,79
2026-07-30,93.5,Success,45
2026-07-31,102.8499984741211,Success,55
2026-08-03,102.0,Failure,26
2026-08-04,100.6500015258789,Failure,18
2026-08-05,103.80000305175781,Success,26
2026-08-06,103.30000305175781,Success,12
2026-08-07,102.8499984741211,Failure,10
2026-08-10,104.25,Success,12
2026-08-11,104.5999984741211,Success,10
2026-08-12,105.19999694824219,Success,9
2026-08-13,106.69999694824219,Success,14
2026-08-14,106.4000015258789,Failure,12
2026-08-17,106.44999694824219,Success,8
2026-08-18,104.9000015258789,Failure,9
2026-08-19,103.0999984741211,Success,15
2026-08-20,103.80000305175781,Failure,6
2026-08-21,104.6500015258789,Success,6
2026-08-24,103.80000305175781,Failure,6
2026-08-25,104.4000015258789,Success,9
2026-08-26,105.9000015258789,Success,14
2026-08-27,106.05000305175781,Failure,10
2026-08-28,106.94999694824219,Failure,12
2026-08-31,106.25,Success,10
2026-09-02,106.80000305175781,Failure,11
